,Supplier_Lead_Time,Inventory_Levels,Order_Frequency,Delivery_Performance,Cost_Per_Unit
Supplier_Lead_Time,1.0,0.38001432686683606,-0.8881259775732918,-0.9007678701022673,0.9558803079207275
Inventory_Levels,0.38001432686683606,1.0,-0.3518813270170146,-0.38340883823604655,0.34012380630887173
Order_Frequency,-0.8881259775732918,-0.3518813270170146,1.0,0.780285453898624,-0.8423779126378542
Delivery_Performance,-0.9007678701022673,-0.38340883823604655,0.780285453898624,1.0,-0.8983457483462828
Cost_Per_Unit,0.9558803079207275,0.34012380630887173,-0.8423779126378542,-0.8983457483462828,1.0
